Type,Name,Request Count,Failure Count,Median Response Time,Average Response Time,Min Response Time,Max Response Time,Average Content Size,Requests/s,Failures/s,50%,66%,75%,80%,90%,95%,98%,99%,99.9%,99.99%,100%
GET,/health/ready,180,0,490,529.9800561111018,9.746799998538336,1683.5668999992777,141.0,1.4949739451374982,0.0,490,600,740,850,1000,1400,1500,1700,1700,1700,1700
GET,/v1/admin/corpus/status,192,0,830,887.1613656250096,7.4658000012277626,2646.9417000007525,110.0,1.5946388748133313,0.0,840,1100,1200,1400,1700,1900,2200,2400,2600,2600,2600
POST,/v1/query,1537,0,1000,1103.553159206241,35.57809999983874,3155.054700000619,2280.0702667534156,12.765416409312971,0.0,1000,1300,1600,1700,2200,2400,2700,2900,3100,3200,3200
,Aggregated,1909,0,910,1027.7069659507574,7.4658000012277626,3155.054700000619,1860.1194342587742,15.8550292292638,0.0,910,1200,1500,1600,2000,2400,2600,2800,3100,3200,3200
