Type,Name,Request Count,Failure Count,Median Response Time,Average Response Time,Min Response Time,Max Response Time,Average Content Size,Requests/s,Failures/s,50%,66%,75%,80%,90%,95%,98%,99%,99.9%,99.99%,100%
GET,/health/ready,11,0,10,16.632236363875563,7.247800000186544,67.50270000156888,141.0,0.3899835405469086,0.0,10,10,14,14,33,68,68,68,68,68,68
GET,/v1/admin/corpus/status,12,0,9,17.862783333536452,5.132999998750165,68.51459999961662,110.0,0.42543658968753667,0.0,10,12,15,15,60,69,69,69,69,69,69
POST,/v1/query,116,0,40,52.316715517212415,22.696299998642644,110.52709999967192,2327.198275862069,4.112553700312854,0.0,40,58,71,75,94,100,110,110,110,110,110
,Aggregated,139,0,39,46.518323741019486,5.132999998750165,110.52709999967192,1962.7769784172663,4.927973830547299,0.0,39,52,67,73,90,100,110,110,110,110,110
